{
    "micro_IoU": 0.9481575315271029,
    "micro_Precision": 0.9733889751552796,
    "micro_Recall": 0.9733889751552796,
    "micro_F1-score": 0.9733889751552796,
    "MACRO_IoU": 0.6919861226539981,
    "MACRO_Precision": 0.8236374583383942,
    "MACRO_Recall": 0.7688740280961173,
    "MACRO_F1-score": 0.7912269231096403,
    "Accuracy": 0.9733889751552796
}