{
    "micro_IoU": 0.9486917628814313,
    "micro_Precision": 0.9736704192546584,
    "micro_Recall": 0.9736704192546584,
    "micro_F1-score": 0.9736704192546584,
    "MACRO_IoU": 0.7218001175702342,
    "MACRO_Precision": 0.832363597447428,
    "MACRO_Recall": 0.8072609280452172,
    "MACRO_F1-score": 0.8171043803582979,
    "Accuracy": 0.9736704192546584
}