{
    "micro_IoU": 0.9377891450708993,
    "micro_Precision": 0.9678959627329192,
    "micro_Recall": 0.9678959627329192,
    "micro_F1-score": 0.9678959627329192,
    "MACRO_IoU": 0.6865174045624314,
    "MACRO_Precision": 0.8085979412088117,
    "MACRO_Recall": 0.7785403255015085,
    "MACRO_F1-score": 0.7899297509847933,
    "Accuracy": 0.9678959627329192
}