{
    "micro_IoU": 0.9448665074886043,
    "micro_Precision": 0.9716517857142857,
    "micro_Recall": 0.9716517857142857,
    "micro_F1-score": 0.9716517857142857,
    "MACRO_IoU": 0.7041686361030391,
    "MACRO_Precision": 0.8248291615985593,
    "MACRO_Recall": 0.7897957712761279,
    "MACRO_F1-score": 0.8038379343076493,
    "Accuracy": 0.9716517857142857
}