{
    "micro_IoU": 0.9471635360368873,
    "micro_Precision": 0.9728649068322981,
    "micro_Recall": 0.9728649068322981,
    "micro_F1-score": 0.9728649068322981,
    "MACRO_IoU": 0.686631048686764,
    "MACRO_Precision": 0.8205670706362561,
    "MACRO_Recall": 0.7649416192301164,
    "MACRO_F1-score": 0.7870607298070744,
    "Accuracy": 0.9728649068322981
}