{
    "micro_IoU": 0.9589539824523047,
    "micro_Precision": 0.9790469720496895,
    "micro_Recall": 0.9790469720496895,
    "micro_F1-score": 0.9790469720496895,
    "MACRO_IoU": 0.7687989331025842,
    "MACRO_Precision": 0.8688911812259994,
    "MACRO_Recall": 0.8415371207153427,
    "MACRO_F1-score": 0.8541708747757187,
    "Accuracy": 0.9790469720496895
}