{
    "micro_IoU": 0.9509978414814254,
    "micro_Precision": 0.9748835403726708,
    "micro_Recall": 0.9748835403726708,
    "micro_F1-score": 0.9748835403726708,
    "MACRO_IoU": 0.7501054068561321,
    "MACRO_Precision": 0.8524841822836378,
    "MACRO_Recall": 0.8296021769714038,
    "MACRO_F1-score": 0.8400323974148722,
    "Accuracy": 0.9748835403726708
}