{
    "micro_IoU": 0.9523594483725601,
    "micro_Precision": 0.9755984730848861,
    "micro_Recall": 0.9755984730848861,
    "micro_F1-score": 0.9755984730848861,
    "MACRO_IoU": 0.73800019189211,
    "MACRO_Precision": 0.8507395820216079,
    "MACRO_Recall": 0.8175814941566445,
    "MACRO_F1-score": 0.8324758917244569,
    "Accuracy": 0.9755984730848861
}